timestamp, utilization.gpu [%], utilization.memory [%], memory.used [MiB]
2026/08/23 02:14:45.882, 0 %, 0 %, 1 MiB
2026/08/23 02:14:55.883, 0 %, 0 %, 4 MiB
2026/08/23 02:15:05.884, 0 %, 0 %, 4 MiB
2026/08/23 02:15:15.885, 0 %, 0 %, 1044 MiB
2026/08/23 02:15:25.885, 22 %, 7 %, 3680 MiB
2026/08/23 02:15:35.886, 0 %, 0 %, 3682 MiB
2026/08/23 02:15:45.887, 19 %, 6 %, 3994 MiB
2026/08/23 02:15:55.890, 19 %, 6 %, 3994 MiB
2026/08/23 02:16:05.897, 19 %, 6 %, 3994 MiB
2026/08/23 02:16:15.898, 18 %, 6 %, 3994 MiB
2026/08/23 02:16:25.900, 19 %, 6 %, 3994 MiB
2026/08/23 02:16:35.900, 19 %, 6 %, 3994 MiB
2026/08/23 02:16:45.901, 12 %, 4 %, 3994 MiB
2026/08/23 02:16:55.903, 13 %, 4 %, 3994 MiB
2026/08/23 02:17:05.907, 0 %, 0 %, 3994 MiB
2026/08/23 02:17:15.908, 21 %, 7 %, 3994 MiB
2026/08/23 02:17:25.908, 18 %, 6 %, 3994 MiB
2026/08/23 02:17:35.909, 19 %, 6 %, 3994 MiB
2026/08/23 02:17:45.910, 0 %, 0 %, 3994 MiB
2026/08/23 02:17:55.910, 22 %, 7 %, 3994 MiB
2026/08/23 02:18:05.916, 0 %, 0 %, 3994 MiB
2026/08/23 02:18:15.917, 20 %, 6 %, 3994 MiB
2026/08/23 02:18:25.917, 0 %, 0 %, 3994 MiB
2026/08/23 02:18:35.918, 11 %, 3 %, 3994 MiB
2026/08/23 02:18:45.925, 17 %, 5 %, 3994 MiB
2026/08/23 02:18:55.930, 0 %, 0 %, 3994 MiB
2026/08/23 02:19:05.932, 0 %, 0 %, 4386 MiB
2026/08/23 02:19:15.933, 0 %, 0 %, 4386 MiB
2026/08/23 02:19:25.939, 12 %, 3 %, 4386 MiB
2026/08/23 02:19:35.941, 0 %, 0 %, 4782 MiB
2026/08/23 02:19:45.953, 19 %, 6 %, 4782 MiB
2026/08/23 02:19:55.953, 0 %, 0 %, 4782 MiB
2026/08/23 02:20:05.954, 21 %, 7 %, 4782 MiB
2026/08/23 02:20:15.955, 22 %, 7 %, 4784 MiB
2026/08/23 02:20:25.956, 0 %, 0 %, 4784 MiB
2026/08/23 02:20:35.956, 23 %, 7 %, 4784 MiB
2026/08/23 02:20:45.957, 21 %, 6 %, 4784 MiB
2026/08/23 02:20:55.958, 19 %, 6 %, 4784 MiB
2026/08/23 02:21:05.961, 22 %, 7 %, 4784 MiB
2026/08/23 02:21:15.962, 0 %, 0 %, 4784 MiB
2026/08/23 02:21:25.967, 13 %, 4 %, 4784 MiB
2026/08/23 02:21:35.970, 12 %, 4 %, 4784 MiB
2026/08/23 02:21:45.971, 0 %, 0 %, 4784 MiB
2026/08/23 02:21:55.978, 20 %, 7 %, 4784 MiB
2026/08/23 02:22:05.980, 0 %, 0 %, 4784 MiB
2026/08/23 02:22:15.980, 19 %, 6 %, 4784 MiB
2026/08/23 02:22:25.981, 19 %, 6 %, 4784 MiB
2026/08/23 02:22:35.982, 0 %, 0 %, 4784 MiB
2026/08/23 02:22:45.983, 18 %, 6 %, 4784 MiB
2026/08/23 02:22:56.021, 18 %, 6 %, 4784 MiB
2026/08/23 02:23:06.020, 0 %, 0 %, 4784 MiB
2026/08/23 02:23:16.021, 19 %, 6 %, 4784 MiB
2026/08/23 02:23:26.024, 0 %, 0 %, 4784 MiB
2026/08/23 02:23:36.025, 9 %, 3 %, 4784 MiB
2026/08/23 02:23:46.025, 13 %, 4 %, 4784 MiB
2026/08/23 02:23:56.067, 1 %, 0 %, 4784 MiB
2026/08/23 02:24:06.068, 0 %, 0 %, 4784 MiB
2026/08/23 02:24:16.068, 0 %, 0 %, 4784 MiB
2026/08/23 02:24:26.069, 0 %, 0 %, 4784 MiB
2026/08/23 02:24:36.070, 0 %, 0 %, 4784 MiB
2026/08/23 02:24:46.071, 12 %, 3 %, 4784 MiB
2026/08/23 02:24:56.076, 0 %, 0 %, 4784 MiB
2026/08/23 02:25:06.077, 0 %, 0 %, 4784 MiB
2026/08/23 02:25:16.080, 18 %, 6 %, 4784 MiB
2026/08/23 02:25:26.084, 0 %, 0 %, 4784 MiB
2026/08/23 02:25:36.086, 0 %, 0 %, 4784 MiB
2026/08/23 02:25:46.088, 19 %, 6 %, 4784 MiB
2026/08/23 02:25:56.091, 19 %, 6 %, 4784 MiB
2026/08/23 02:26:06.095, 0 %, 0 %, 4784 MiB
2026/08/23 02:26:16.096, 18 %, 6 %, 4784 MiB
2026/08/23 02:26:26.099, 20 %, 6 %, 4784 MiB
2026/08/23 02:26:36.099, 0 %, 0 %, 4784 MiB
2026/08/23 02:26:46.100, 17 %, 6 %, 4784 MiB
2026/08/23 02:26:56.104, 20 %, 6 %, 4784 MiB
2026/08/23 02:27:06.107, 0 %, 0 %, 4784 MiB
2026/08/23 02:27:16.107, 13 %, 4 %, 4784 MiB
2026/08/23 02:27:26.111, 14 %, 4 %, 4784 MiB
2026/08/23 02:27:36.112, 0 %, 0 %, 4784 MiB
2026/08/23 02:27:46.113, 0 %, 0 %, 4784 MiB
2026/08/23 02:27:56.114, 19 %, 6 %, 4784 MiB
2026/08/23 02:28:06.118, 0 %, 0 %, 4784 MiB
2026/08/23 02:28:16.120, 0 %, 0 %, 4784 MiB
2026/08/23 02:28:26.128, 21 %, 7 %, 4784 MiB
2026/08/23 02:28:36.131, 19 %, 6 %, 4784 MiB
2026/08/23 02:28:46.134, 0 %, 0 %, 4784 MiB
2026/08/23 02:28:56.135, 0 %, 0 %, 4784 MiB
2026/08/23 02:29:06.136, 18 %, 6 %, 4784 MiB
2026/08/23 02:29:16.147, 0 %, 0 %, 4784 MiB
2026/08/23 02:29:26.150, 18 %, 6 %, 4784 MiB
2026/08/23 02:29:36.151, 19 %, 6 %, 4784 MiB
2026/08/23 02:29:46.155, 0 %, 0 %, 4784 MiB
2026/08/23 02:29:56.158, 11 %, 4 %, 4784 MiB
2026/08/23 02:30:06.159, 13 %, 4 %, 4784 MiB
2026/08/23 02:30:16.163, 0 %, 0 %, 4784 MiB
2026/08/23 02:30:26.167, 0 %, 0 %, 4784 MiB
2026/08/23 02:30:36.168, 0 %, 0 %, 4784 MiB
2026/08/23 02:30:46.169, 0 %, 0 %, 4784 MiB
2026/08/23 02:30:56.170, 0 %, 0 %, 4784 MiB
2026/08/23 02:31:06.173, 9 %, 2 %, 4784 MiB
2026/08/23 02:31:16.175, 0 %, 0 %, 4784 MiB
2026/08/23 02:31:26.178, 0 %, 0 %, 4784 MiB
2026/08/23 02:31:36.181, 0 %, 0 %, 4784 MiB
2026/08/23 02:31:46.183, 0 %, 0 %, 4784 MiB
2026/08/23 02:31:56.185, 0 %, 0 %, 4784 MiB
2026/08/23 02:32:06.187, 23 %, 7 %, 4784 MiB
2026/08/23 02:32:16.189, 0 %, 0 %, 4784 MiB
2026/08/23 02:32:26.190, 0 %, 0 %, 4784 MiB
2026/08/23 02:32:36.191, 19 %, 6 %, 4784 MiB
2026/08/23 02:32:46.192, 19 %, 6 %, 4784 MiB
2026/08/23 02:32:56.198, 0 %, 0 %, 4784 MiB
2026/08/23 02:33:06.200, 0 %, 0 %, 4784 MiB
2026/08/23 02:33:16.201, 18 %, 6 %, 4784 MiB
2026/08/23 02:33:26.201, 0 %, 0 %, 4784 MiB
2026/08/23 02:33:36.203, 0 %, 0 %, 4784 MiB
2026/08/23 02:33:46.205, 21 %, 7 %, 4784 MiB
2026/08/23 02:33:56.208, 19 %, 6 %, 4784 MiB
2026/08/23 02:34:06.210, 0 %, 0 %, 4784 MiB
2026/08/23 02:34:16.213, 0 %, 0 %, 4784 MiB
2026/08/23 02:34:26.214, 13 %, 4 %, 4784 MiB
2026/08/23 02:34:36.216, 15 %, 4 %, 4784 MiB
2026/08/23 02:34:46.218, 0 %, 0 %, 4784 MiB
2026/08/23 02:34:56.219, 0 %, 0 %, 4784 MiB
2026/08/23 02:35:06.221, 22 %, 7 %, 4784 MiB
2026/08/23 02:35:16.224, 0 %, 0 %, 4784 MiB
2026/08/23 02:35:26.226, 0 %, 0 %, 4784 MiB
2026/08/23 02:35:36.230, 15 %, 4 %, 4784 MiB
2026/08/23 02:35:46.232, 18 %, 6 %, 4784 MiB
2026/08/23 02:35:56.233, 0 %, 0 %, 4784 MiB
2026/08/23 02:36:06.237, 0 %, 0 %, 4784 MiB
2026/08/23 02:36:16.239, 20 %, 6 %, 4784 MiB
2026/08/23 02:36:26.241, 20 %, 7 %, 4784 MiB
2026/08/23 02:36:36.247, 0 %, 0 %, 4784 MiB
2026/08/23 02:36:46.251, 0 %, 0 %, 4784 MiB
2026/08/23 02:36:56.255, 20 %, 6 %, 4784 MiB
2026/08/23 02:37:06.259, 0 %, 0 %, 4784 MiB
2026/08/23 02:37:16.259, 0 %, 0 %, 4784 MiB
2026/08/23 02:37:26.260, 15 %, 4 %, 4784 MiB
2026/08/23 02:37:36.263, 14 %, 4 %, 4784 MiB
2026/08/23 02:37:46.265, 0 %, 0 %, 4784 MiB
2026/08/23 02:37:56.267, 0 %, 0 %, 4784 MiB
2026/08/23 02:38:06.270, 0 %, 0 %, 4784 MiB
2026/08/23 02:38:16.271, 0 %, 0 %, 4784 MiB
2026/08/23 02:38:26.272, 0 %, 0 %, 4784 MiB
2026/08/23 02:38:36.279, 0 %, 0 %, 4784 MiB
2026/08/23 02:38:46.281, 0 %, 0 %, 4784 MiB
2026/08/23 02:38:56.282, 0 %, 0 %, 4784 MiB
2026/08/23 02:39:06.286, 0 %, 0 %, 4784 MiB
2026/08/23 02:39:16.288, 12 %, 3 %, 4784 MiB
2026/08/23 02:39:26.288, 0 %, 0 %, 4784 MiB
2026/08/23 02:39:36.291, 0 %, 0 %, 4784 MiB
2026/08/23 02:39:46.292, 0 %, 0 %, 4784 MiB
2026/08/23 02:39:56.295, 0 %, 0 %, 4784 MiB
2026/08/23 02:40:06.295, 19 %, 6 %, 4784 MiB
2026/08/23 02:40:16.299, 0 %, 0 %, 4784 MiB
2026/08/23 02:40:26.300, 0 %, 0 %, 4784 MiB
2026/08/23 02:40:36.303, 0 %, 0 %, 4784 MiB
2026/08/23 02:40:46.305, 20 %, 6 %, 4784 MiB
2026/08/23 02:40:56.307, 23 %, 7 %, 4784 MiB
2026/08/23 02:41:06.309, 0 %, 0 %, 4784 MiB
2026/08/23 02:41:16.310, 0 %, 0 %, 4784 MiB
2026/08/23 02:41:26.311, 23 %, 7 %, 4784 MiB
2026/08/23 02:41:36.312, 0 %, 0 %, 4784 MiB
2026/08/23 02:41:46.314, 0 %, 0 %, 4784 MiB
2026/08/23 02:41:56.315, 9 %, 3 %, 4784 MiB
2026/08/23 02:42:06.319, 18 %, 6 %, 4784 MiB
2026/08/23 02:42:16.320, 0 %, 0 %, 4784 MiB
2026/08/23 02:42:26.322, 0 %, 0 %, 4784 MiB
2026/08/23 02:42:36.326, 0 %, 0 %, 4784 MiB
2026/08/23 02:42:46.328, 14 %, 4 %, 4784 MiB
2026/08/23 02:42:56.331, 13 %, 4 %, 4784 MiB
2026/08/23 02:43:06.335, 18 %, 6 %, 4784 MiB
2026/08/23 02:43:16.336, 20 %, 6 %, 4784 MiB
2026/08/23 02:43:26.336, 22 %, 7 %, 4784 MiB
2026/08/23 02:43:36.338, 19 %, 6 %, 4784 MiB
2026/08/23 02:43:46.347, 0 %, 0 %, 4784 MiB
2026/08/23 02:43:56.353, 18 %, 6 %, 4784 MiB
2026/08/23 02:44:06.356, 18 %, 6 %, 4784 MiB
2026/08/23 02:44:16.358, 18 %, 6 %, 4784 MiB
2026/08/23 02:44:26.362, 0 %, 0 %, 4784 MiB
2026/08/23 02:44:36.362, 14 %, 4 %, 4784 MiB
2026/08/23 02:44:46.364, 11 %, 4 %, 4784 MiB
2026/08/23 02:44:56.367, 0 %, 0 %, 4784 MiB
2026/08/23 02:45:06.371, 0 %, 0 %, 4784 MiB
2026/08/23 02:45:16.375, 10 %, 2 %, 4784 MiB
2026/08/23 02:45:26.378, 6 %, 2 %, 4784 MiB
2026/08/23 02:45:36.380, 0 %, 0 %, 4784 MiB
2026/08/23 02:45:46.385, 18 %, 6 %, 4784 MiB
2026/08/23 02:45:56.387, 0 %, 0 %, 4784 MiB
2026/08/23 02:46:06.389, 23 %, 7 %, 4784 MiB
2026/08/23 02:46:16.391, 17 %, 5 %, 4784 MiB
2026/08/23 02:46:26.392, 0 %, 0 %, 4784 MiB
2026/08/23 02:46:36.394, 20 %, 6 %, 4784 MiB
2026/08/23 02:46:46.395, 0 %, 0 %, 4784 MiB
2026/08/23 02:46:56.402, 15 %, 4 %, 4784 MiB
2026/08/23 02:47:06.405, 18 %, 6 %, 4784 MiB
2026/08/23 02:47:16.406, 0 %, 0 %, 4784 MiB
2026/08/23 02:47:26.407, 14 %, 4 %, 4784 MiB
2026/08/23 02:47:36.415, 14 %, 4 %, 4784 MiB
2026/08/23 02:47:46.420, 0 %, 0 %, 4784 MiB
2026/08/23 02:47:56.422, 18 %, 6 %, 4784 MiB
2026/08/23 02:48:06.424, 0 %, 0 %, 4784 MiB
2026/08/23 02:48:16.426, 19 %, 6 %, 4784 MiB
2026/08/23 02:48:26.428, 22 %, 7 %, 4784 MiB
2026/08/23 02:48:36.429, 0 %, 0 %, 4784 MiB
2026/08/23 02:48:46.430, 21 %, 6 %, 4784 MiB
2026/08/23 02:48:56.434, 22 %, 7 %, 4784 MiB
2026/08/23 02:49:06.448, 0 %, 0 %, 4784 MiB
2026/08/23 02:49:16.449, 22 %, 7 %, 4784 MiB
2026/08/23 02:49:26.449, 0 %, 0 %, 4784 MiB
2026/08/23 02:49:36.451, 13 %, 4 %, 4784 MiB
2026/08/23 02:49:46.455, 15 %, 4 %, 4784 MiB
2026/08/23 02:49:56.456, 0 %, 0 %, 4784 MiB
2026/08/23 02:50:06.457, 8 %, 2 %, 4784 MiB
2026/08/23 02:50:16.459, 0 %, 0 %, 4784 MiB
2026/08/23 02:50:26.460, 0 %, 0 %, 4784 MiB
2026/08/23 02:50:36.461, 0 %, 0 %, 4784 MiB
2026/08/23 02:50:46.462, 0 %, 0 %, 4784 MiB
2026/08/23 02:50:56.463, 0 %, 0 %, 4784 MiB
2026/08/23 02:51:06.467, 0 %, 0 %, 4784 MiB
2026/08/23 02:51:16.468, 19 %, 6 %, 4784 MiB
2026/08/23 02:51:26.468, 0 %, 0 %, 4784 MiB
2026/08/23 02:51:36.479, 15 %, 4 %, 4784 MiB
2026/08/23 02:51:46.483, 21 %, 6 %, 4784 MiB
2026/08/23 02:51:56.484, 0 %, 0 %, 4784 MiB
2026/08/23 02:52:06.488, 0 %, 0 %, 4784 MiB
2026/08/23 02:52:16.488, 22 %, 7 %, 4784 MiB
2026/08/23 02:52:26.492, 0 %, 0 %, 4784 MiB
2026/08/23 02:52:36.494, 17 %, 5 %, 4784 MiB
2026/08/23 02:52:46.496, 21 %, 7 %, 4784 MiB
2026/08/23 02:52:56.501, 0 %, 0 %, 4784 MiB
2026/08/23 02:53:06.501, 9 %, 3 %, 4784 MiB
2026/08/23 02:53:16.503, 17 %, 6 %, 4784 MiB
2026/08/23 02:53:26.505, 0 %, 0 %, 4784 MiB
2026/08/23 02:53:36.508, 0 %, 0 %, 4784 MiB
2026/08/23 02:53:46.511, 22 %, 7 %, 4784 MiB
2026/08/23 02:53:56.512, 0 %, 0 %, 4784 MiB
2026/08/23 02:54:06.515, 21 %, 6 %, 4784 MiB
2026/08/23 02:54:16.516, 19 %, 6 %, 4784 MiB
2026/08/23 02:54:26.521, 0 %, 0 %, 4784 MiB
2026/08/23 02:54:36.522, 0 %, 0 %, 4784 MiB
2026/08/23 02:54:46.529, 20 %, 6 %, 4784 MiB
2026/08/23 02:54:56.531, 0 %, 0 %, 4784 MiB
2026/08/23 02:55:06.532, 0 %, 0 %, 4784 MiB
2026/08/23 02:55:16.533, 22 %, 7 %, 4784 MiB
2026/08/23 02:55:26.534, 0 %, 0 %, 4784 MiB
2026/08/23 02:55:36.537, 6 %, 2 %, 4784 MiB
2026/08/23 02:55:46.547, 11 %, 4 %, 4784 MiB
2026/08/23 02:55:56.552, 13 %, 4 %, 4784 MiB
2026/08/23 02:56:06.561, 0 %, 0 %, 4784 MiB
2026/08/23 02:56:16.575, 0 %, 0 %, 4784 MiB
2026/08/23 02:56:26.575, 0 %, 0 %, 4784 MiB
2026/08/23 02:56:36.577, 0 %, 0 %, 4784 MiB
2026/08/23 02:56:46.581, 0 %, 0 %, 4784 MiB
2026/08/23 02:56:56.585, 0 %, 0 %, 4784 MiB
2026/08/23 02:57:06.586, 0 %, 0 %, 4784 MiB
2026/08/23 02:57:16.587, 0 %, 0 %, 4784 MiB
2026/08/23 02:57:26.589, 0 %, 0 %, 4784 MiB
2026/08/23 02:57:36.590, 0 %, 0 %, 4784 MiB
2026/08/23 02:57:46.592, 19 %, 6 %, 4784 MiB
2026/08/23 02:57:56.595, 0 %, 0 %, 4784 MiB
2026/08/23 02:58:06.597, 0 %, 0 %, 4784 MiB
2026/08/23 02:58:16.601, 22 %, 7 %, 4784 MiB
2026/08/23 02:58:26.602, 21 %, 7 %, 4784 MiB
2026/08/23 02:58:36.603, 0 %, 0 %, 4784 MiB
2026/08/23 02:58:46.606, 0 %, 0 %, 4784 MiB
2026/08/23 02:58:56.609, 20 %, 6 %, 4784 MiB
2026/08/23 02:59:06.610, 0 %, 0 %, 4784 MiB
2026/08/23 02:59:16.612, 0 %, 0 %, 4784 MiB
2026/08/23 02:59:26.613, 18 %, 6 %, 4784 MiB
2026/08/23 02:59:36.622, 19 %, 6 %, 4784 MiB
2026/08/23 02:59:46.625, 0 %, 0 %, 4784 MiB
2026/08/23 02:59:56.627, 14 %, 4 %, 4784 MiB
2026/08/23 03:00:06.631, 9 %, 3 %, 4784 MiB
2026/08/23 03:00:16.635, 6 %, 1 %, 4784 MiB
2026/08/23 03:00:26.638, 0 %, 0 %, 4784 MiB
2026/08/23 03:00:36.640, 17 %, 6 %, 4784 MiB
2026/08/23 03:00:46.641, 20 %, 7 %, 4784 MiB
2026/08/23 03:00:56.643, 0 %, 0 %, 4784 MiB
2026/08/23 03:01:06.649, 11 %, 3 %, 4784 MiB
2026/08/23 03:01:16.650, 23 %, 7 %, 4784 MiB
2026/08/23 03:01:26.653, 0 %, 0 %, 4784 MiB
2026/08/23 03:01:36.656, 0 %, 0 %, 4784 MiB
2026/08/23 03:01:46.657, 16 %, 5 %, 4784 MiB
2026/08/23 03:01:56.658, 18 %, 6 %, 4784 MiB
2026/08/23 03:02:06.662, 0 %, 0 %, 4784 MiB
2026/08/23 03:02:16.666, 0 %, 0 %, 4784 MiB
2026/08/23 03:02:26.668, 18 %, 6 %, 4784 MiB
2026/08/23 03:02:36.673, 0 %, 0 %, 4784 MiB
2026/08/23 03:02:46.674, 0 %, 0 %, 4784 MiB
2026/08/23 03:02:56.675, 12 %, 4 %, 4784 MiB
2026/08/23 03:03:06.679, 9 %, 3 %, 4784 MiB
2026/08/23 03:03:16.680, 0 %, 0 %, 4784 MiB
2026/08/23 03:03:26.682, 0 %, 0 %, 4784 MiB
2026/08/23 03:03:36.683, 0 %, 0 %, 4784 MiB
2026/08/23 03:03:46.685, 0 %, 0 %, 4784 MiB
2026/08/23 03:03:56.688, 13 %, 3 %, 4784 MiB
2026/08/23 03:04:06.691, 0 %, 0 %, 4784 MiB
2026/08/23 03:04:16.693, 0 %, 0 %, 4784 MiB
2026/08/23 03:04:26.698, 0 %, 0 %, 4784 MiB
2026/08/23 03:04:36.702, 0 %, 0 %, 4784 MiB
2026/08/23 03:04:46.706, 0 %, 0 %, 4784 MiB
2026/08/23 03:04:56.707, 0 %, 0 %, 4784 MiB
2026/08/23 03:05:06.709, 0 %, 0 %, 4784 MiB
2026/08/23 03:05:16.710, 0 %, 0 %, 4784 MiB
2026/08/23 03:05:26.713, 22 %, 7 %, 4784 MiB
2026/08/23 03:05:36.714, 0 %, 0 %, 4784 MiB
2026/08/23 03:05:46.715, 0 %, 0 %, 4784 MiB
2026/08/23 03:05:56.717, 2 %, 0 %, 4784 MiB
2026/08/23 03:06:06.720, 19 %, 6 %, 4784 MiB
2026/08/23 03:06:16.723, 18 %, 5 %, 4784 MiB
2026/08/23 03:06:26.725, 0 %, 0 %, 4784 MiB
2026/08/23 03:06:36.727, 0 %, 0 %, 4784 MiB
2026/08/23 03:06:46.729, 20 %, 6 %, 4784 MiB
2026/08/23 03:06:56.732, 0 %, 0 %, 4784 MiB
2026/08/23 03:07:06.734, 0 %, 0 %, 4784 MiB
2026/08/23 03:07:16.734, 20 %, 6 %, 4784 MiB
2026/08/23 03:07:26.736, 20 %, 6 %, 4784 MiB
2026/08/23 03:07:36.749, 0 %, 0 %, 4784 MiB
2026/08/23 03:07:46.753, 0 %, 0 %, 4784 MiB
2026/08/23 03:07:56.753, 15 %, 4 %, 4784 MiB
2026/08/23 03:08:06.755, 9 %, 3 %, 4784 MiB
2026/08/23 03:08:16.755, 0 %, 0 %, 4784 MiB
2026/08/23 03:08:26.756, 0 %, 0 %, 4784 MiB
2026/08/23 03:08:36.761, 18 %, 6 %, 4784 MiB
2026/08/23 03:08:46.766, 20 %, 6 %, 4784 MiB
2026/08/23 03:08:56.768, 0 %, 0 %, 4784 MiB
2026/08/23 03:09:06.771, 0 %, 0 %, 4784 MiB
2026/08/23 03:09:16.772, 20 %, 6 %, 4784 MiB
2026/08/23 03:09:26.773, 17 %, 5 %, 4784 MiB
2026/08/23 03:09:36.775, 0 %, 0 %, 4784 MiB
2026/08/23 03:09:46.776, 0 %, 0 %, 4784 MiB
2026/08/23 03:09:56.777, 21 %, 7 %, 4784 MiB
2026/08/23 03:10:06.784, 21 %, 7 %, 4784 MiB
2026/08/23 03:10:16.787, 0 %, 0 %, 4784 MiB
2026/08/23 03:10:26.788, 0 %, 0 %, 4784 MiB
2026/08/23 03:10:36.790, 22 %, 7 %, 4784 MiB
2026/08/23 03:10:46.792, 21 %, 7 %, 4784 MiB
2026/08/23 03:10:56.795, 0 %, 0 %, 4784 MiB
2026/08/23 03:11:06.799, 12 %, 4 %, 4784 MiB
2026/08/23 03:11:16.800, 13 %, 3 %, 4784 MiB
2026/08/23 03:11:26.801, 13 %, 4 %, 4784 MiB
2026/08/23 03:11:36.806, 0 %, 0 %, 4784 MiB
2026/08/23 03:11:46.807, 0 %, 0 %, 4784 MiB
2026/08/23 03:11:56.816, 0 %, 0 %, 4784 MiB
2026/08/23 03:12:06.819, 0 %, 0 %, 4784 MiB
2026/08/23 03:12:16.823, 21 %, 6 %, 4784 MiB
2026/08/23 03:12:26.824, 0 %, 0 %, 4784 MiB
2026/08/23 03:12:36.825, 18 %, 6 %, 4784 MiB
2026/08/23 03:12:46.826, 19 %, 6 %, 4784 MiB
2026/08/23 03:12:56.829, 0 %, 0 %, 4784 MiB
2026/08/23 03:13:06.832, 19 %, 6 %, 4784 MiB
2026/08/23 03:13:16.834, 0 %, 0 %, 4784 MiB
2026/08/23 03:13:26.837, 20 %, 7 %, 4784 MiB
2026/08/23 03:13:36.841, 0 %, 0 %, 4784 MiB
2026/08/23 03:13:46.841, 15 %, 4 %, 4784 MiB
2026/08/23 03:13:56.843, 14 %, 4 %, 4784 MiB
2026/08/23 03:14:06.853, 0 %, 0 %, 4784 MiB
2026/08/23 03:14:16.854, 19 %, 6 %, 4784 MiB
2026/08/23 03:14:26.857, 0 %, 0 %, 4784 MiB
2026/08/23 03:14:36.860, 21 %, 6 %, 4784 MiB
2026/08/23 03:14:46.864, 2 %, 0 %, 4784 MiB
2026/08/23 03:14:56.865, 0 %, 0 %, 4784 MiB
2026/08/23 03:15:06.865, 19 %, 6 %, 4784 MiB
2026/08/23 03:15:16.867, 0 %, 0 %, 4784 MiB
2026/08/23 03:15:26.869, 18 %, 6 %, 4784 MiB
2026/08/23 03:15:36.871, 0 %, 0 %, 4784 MiB
2026/08/23 03:15:46.871, 11 %, 4 %, 4784 MiB
2026/08/23 03:15:56.875, 9 %, 3 %, 4784 MiB
2026/08/23 03:16:06.879, 0 %, 0 %, 4784 MiB
2026/08/23 03:16:16.880, 0 %, 0 %, 4784 MiB
2026/08/23 03:16:26.880, 0 %, 0 %, 4784 MiB
2026/08/23 03:16:36.885, 10 %, 3 %, 4784 MiB
2026/08/23 03:16:46.888, 12 %, 3 %, 4784 MiB
2026/08/23 03:16:56.891, 7 %, 2 %, 4784 MiB
2026/08/23 03:17:06.895, 0 %, 0 %, 4784 MiB
2026/08/23 03:17:16.899, 19 %, 6 %, 4784 MiB
2026/08/23 03:17:26.900, 0 %, 0 %, 4784 MiB
2026/08/23 03:17:36.900, 18 %, 6 %, 4784 MiB
2026/08/23 03:17:46.905, 20 %, 6 %, 4784 MiB
2026/08/23 03:17:56.906, 0 %, 0 %, 4784 MiB
2026/08/23 03:18:06.907, 20 %, 6 %, 4784 MiB
2026/08/23 03:18:16.908, 20 %, 7 %, 4784 MiB
2026/08/23 03:18:26.909, 0 %, 0 %, 4784 MiB
2026/08/23 03:18:36.912, 20 %, 6 %, 4784 MiB
2026/08/23 03:18:46.917, 0 %, 0 %, 4784 MiB
2026/08/23 03:18:56.917, 0 %, 0 %, 4784 MiB
2026/08/23 03:19:06.921, 10 %, 3 %, 4784 MiB
2026/08/23 03:19:16.922, 15 %, 4 %, 4784 MiB
2026/08/23 03:19:26.925, 0 %, 0 %, 4784 MiB
2026/08/23 03:19:36.927, 22 %, 7 %, 4784 MiB
2026/08/23 03:19:46.930, 0 %, 0 %, 4784 MiB
2026/08/23 03:19:56.932, 22 %, 7 %, 4784 MiB
2026/08/23 03:20:06.933, 14 %, 4 %, 4784 MiB
2026/08/23 03:20:16.935, 0 %, 0 %, 4784 MiB
2026/08/23 03:20:26.936, 11 %, 3 %, 4784 MiB
2026/08/23 03:20:36.939, 19 %, 6 %, 4784 MiB
2026/08/23 03:20:46.941, 0 %, 0 %, 4784 MiB
2026/08/23 03:20:56.943, 23 %, 7 %, 4784 MiB
2026/08/23 03:21:06.946, 21 %, 7 %, 4784 MiB
2026/08/23 03:21:16.953, 0 %, 0 %, 4784 MiB
2026/08/23 03:21:26.955, 14 %, 4 %, 4784 MiB
2026/08/23 03:21:36.963, 14 %, 4 %, 4784 MiB
2026/08/23 03:21:46.967, 0 %, 0 %, 4784 MiB
2026/08/23 03:21:56.968, 0 %, 0 %, 4784 MiB
2026/08/23 03:22:06.970, 0 %, 0 %, 4784 MiB
2026/08/23 03:22:16.973, 0 %, 0 %, 4784 MiB
2026/08/23 03:22:26.974, 0 %, 0 %, 4784 MiB
2026/08/23 03:22:36.976, 0 %, 0 %, 4784 MiB
2026/08/23 03:22:46.977, 10 %, 2 %, 4784 MiB
2026/08/23 03:22:56.981, 0 %, 0 %, 4784 MiB
2026/08/23 03:23:06.983, 0 %, 0 %, 4784 MiB
2026/08/23 03:23:16.985, 0 %, 0 %, 4784 MiB
2026/08/23 03:23:26.986, 19 %, 6 %, 4784 MiB
2026/08/23 03:23:36.989, 0 %, 0 %, 4784 MiB
2026/08/23 03:23:46.989, 13 %, 4 %, 4784 MiB
2026/08/23 03:23:56.992, 21 %, 6 %, 4784 MiB
2026/08/23 03:24:06.992, 0 %, 0 %, 4784 MiB
2026/08/23 03:24:16.994, 0 %, 0 %, 4784 MiB
2026/08/23 03:24:26.996, 19 %, 6 %, 4784 MiB
2026/08/23 03:24:36.998, 0 %, 0 %, 4784 MiB
2026/08/23 03:24:47.001, 0 %, 0 %, 4784 MiB
2026/08/23 03:24:57.001, 22 %, 7 %, 4784 MiB
2026/08/23 03:25:07.003, 21 %, 6 %, 4784 MiB
2026/08/23 03:25:17.005, 0 %, 0 %, 4784 MiB
2026/08/23 03:25:27.006, 13 %, 4 %, 4784 MiB
2026/08/23 03:25:37.007, 15 %, 4 %, 4784 MiB
2026/08/23 03:25:47.010, 0 %, 0 %, 4784 MiB
2026/08/23 03:25:57.011, 0 %, 0 %, 4784 MiB
2026/08/23 03:26:07.012, 18 %, 6 %, 4784 MiB
2026/08/23 03:26:17.016, 0 %, 0 %, 4784 MiB
2026/08/23 03:26:27.019, 0 %, 0 %, 4784 MiB
2026/08/23 03:26:37.021, 23 %, 7 %, 4784 MiB
2026/08/23 03:26:47.025, 21 %, 6 %, 4784 MiB
2026/08/23 03:26:57.027, 0 %, 0 %, 4784 MiB
2026/08/23 03:27:07.030, 20 %, 7 %, 4784 MiB
2026/08/23 03:27:17.032, 23 %, 7 %, 4784 MiB
2026/08/23 03:27:27.036, 0 %, 0 %, 4784 MiB
2026/08/23 03:27:37.037, 18 %, 6 %, 4784 MiB
2026/08/23 03:27:47.039, 22 %, 7 %, 4784 MiB
2026/08/23 03:27:57.040, 0 %, 0 %, 4784 MiB
2026/08/23 03:28:07.053, 0 %, 0 %, 4784 MiB
2026/08/23 03:28:17.058, 12 %, 4 %, 4784 MiB
2026/08/23 03:28:27.064, 14 %, 4 %, 4784 MiB
2026/08/23 03:28:37.066, 0 %, 0 %, 4784 MiB
2026/08/23 03:28:47.067, 11 %, 3 %, 4784 MiB
2026/08/23 03:28:57.068, 0 %, 0 %, 4784 MiB
2026/08/23 03:29:07.081, 8 %, 2 %, 4784 MiB
2026/08/23 03:29:17.082, 0 %, 0 %, 4784 MiB
2026/08/23 03:29:27.085, 13 %, 3 %, 4784 MiB
2026/08/23 03:29:37.085, 0 %, 0 %, 4784 MiB
2026/08/23 03:29:47.088, 0 %, 0 %, 4784 MiB
2026/08/23 03:29:57.089, 0 %, 0 %, 4784 MiB
2026/08/23 03:30:07.091, 0 %, 0 %, 4784 MiB
2026/08/23 03:30:17.094, 0 %, 0 %, 4784 MiB
2026/08/23 03:30:27.096, 1 %, 0 %, 4784 MiB
2026/08/23 03:30:37.098, 21 %, 7 %, 4784 MiB
2026/08/23 03:30:47.102, 0 %, 0 %, 4784 MiB
2026/08/23 03:30:57.106, 0 %, 0 %, 4784 MiB
2026/08/23 03:31:07.108, 22 %, 7 %, 4784 MiB
2026/08/23 03:31:17.110, 20 %, 6 %, 4784 MiB
2026/08/23 03:31:27.113, 0 %, 0 %, 4784 MiB
2026/08/23 03:31:37.114, 18 %, 6 %, 4784 MiB
2026/08/23 03:31:47.115, 20 %, 6 %, 4784 MiB
2026/08/23 03:31:57.117, 0 %, 0 %, 4784 MiB
2026/08/23 03:32:07.120, 0 %, 0 %, 4784 MiB
2026/08/23 03:32:17.126, 22 %, 7 %, 4784 MiB
2026/08/23 03:32:27.127, 0 %, 0 %, 4784 MiB
2026/08/23 03:32:37.127, 0 %, 0 %, 4784 MiB
2026/08/23 03:32:47.131, 13 %, 4 %, 4784 MiB
2026/08/23 03:32:57.139, 15 %, 4 %, 4784 MiB
2026/08/23 03:33:07.142, 0 %, 0 %, 4784 MiB
2026/08/23 03:33:17.143, 0 %, 0 %, 4784 MiB
2026/08/23 03:33:27.145, 18 %, 6 %, 4784 MiB
2026/08/23 03:33:37.155, 21 %, 7 %, 4784 MiB
2026/08/23 03:33:47.157, 0 %, 0 %, 4784 MiB
2026/08/23 03:33:57.159, 0 %, 0 %, 4784 MiB
2026/08/23 03:34:07.160, 20 %, 6 %, 4784 MiB
2026/08/23 03:34:17.164, 22 %, 7 %, 4784 MiB
2026/08/23 03:34:27.170, 0 %, 0 %, 4784 MiB
2026/08/23 03:34:37.171, 0 %, 0 %, 4784 MiB
2026/08/23 03:34:47.174, 22 %, 7 %, 4784 MiB
2026/08/23 03:34:57.175, 0 %, 0 %, 4784 MiB
2026/08/23 03:35:07.178, 0 %, 0 %, 4784 MiB
2026/08/23 03:35:17.178, 22 %, 7 %, 4784 MiB
2026/08/23 03:35:27.182, 19 %, 6 %, 4784 MiB
2026/08/23 03:35:37.187, 0 %, 0 %, 4784 MiB
2026/08/23 03:35:47.190, 0 %, 0 %, 4784 MiB
2026/08/23 03:35:57.191, 12 %, 3 %, 4784 MiB
2026/08/23 03:36:07.197, 15 %, 5 %, 4784 MiB
2026/08/23 03:36:17.199, 0 %, 0 %, 4784 MiB
2026/08/23 03:36:27.200, 0 %, 0 %, 4784 MiB
2026/08/23 03:36:37.204, 0 %, 0 %, 4784 MiB
2026/08/23 03:36:47.205, 0 %, 0 %, 4784 MiB
2026/08/23 03:36:57.205, 11 %, 3 %, 4784 MiB
2026/08/23 03:37:07.206, 0 %, 0 %, 4784 MiB
2026/08/23 03:37:17.208, 1 %, 0 %, 4784 MiB
2026/08/23 03:37:27.210, 15 %, 5 %, 4784 MiB
2026/08/23 03:37:37.210, 21 %, 6 %, 4784 MiB
2026/08/23 03:37:47.211, 20 %, 7 %, 4784 MiB
2026/08/23 03:37:57.212, 21 %, 7 %, 4784 MiB
2026/08/23 03:38:07.213, 0 %, 0 %, 4784 MiB
2026/08/23 03:38:17.214, 19 %, 6 %, 4784 MiB
2026/08/23 03:38:27.215, 0 %, 0 %, 4784 MiB
2026/08/23 03:38:37.222, 18 %, 6 %, 4784 MiB
2026/08/23 03:38:47.224, 19 %, 6 %, 4784 MiB
2026/08/23 03:38:57.227, 15 %, 4 %, 4784 MiB
2026/08/23 03:39:07.235, 14 %, 4 %, 4784 MiB
2026/08/23 03:39:17.240, 0 %, 0 %, 4784 MiB
2026/08/23 03:39:27.240, 22 %, 7 %, 4784 MiB
2026/08/23 03:39:37.241, 0 %, 0 %, 4784 MiB
2026/08/23 03:39:47.242, 19 %, 6 %, 4784 MiB
2026/08/23 03:39:57.243, 18 %, 6 %, 4784 MiB
2026/08/23 03:40:07.244, 0 %, 0 %, 4784 MiB
2026/08/23 03:40:17.247, 19 %, 6 %, 4784 MiB
2026/08/23 03:40:27.249, 18 %, 5 %, 4784 MiB
2026/08/23 03:40:37.254, 18 %, 6 %, 4784 MiB
2026/08/23 03:40:47.255, 22 %, 7 %, 4784 MiB
2026/08/23 03:40:57.256, 0 %, 0 %, 4784 MiB
2026/08/23 03:41:07.259, 14 %, 4 %, 4784 MiB
2026/08/23 03:41:17.263, 17 %, 6 %, 4784 MiB
2026/08/23 03:41:27.265, 0 %, 0 %, 4784 MiB
2026/08/23 03:41:37.267, 0 %, 0 %, 4784 MiB
2026/08/23 03:41:47.268, 0 %, 0 %, 4784 MiB
2026/08/23 03:41:57.268, 0 %, 0 %, 4784 MiB
2026/08/23 03:42:07.272, 0 %, 0 %, 4784 MiB
2026/08/23 03:42:17.273, 1 %, 0 %, 4784 MiB
2026/08/23 03:42:27.279, 0 %, 0 %, 4784 MiB
2026/08/23 03:42:37.280, 17 %, 5 %, 4784 MiB
2026/08/23 03:42:47.280, 0 %, 0 %, 4784 MiB
2026/08/23 03:42:57.284, 18 %, 6 %, 4784 MiB
2026/08/23 03:43:07.285, 22 %, 7 %, 4784 MiB
2026/08/23 03:43:17.288, 0 %, 0 %, 4784 MiB
2026/08/23 03:43:27.289, 22 %, 7 %, 4784 MiB
2026/08/23 03:43:37.292, 21 %, 7 %, 4784 MiB
2026/08/23 03:43:47.295, 0 %, 0 %, 4784 MiB
2026/08/23 03:43:57.298, 23 %, 7 %, 4784 MiB
2026/08/23 03:44:07.302, 0 %, 0 %, 4784 MiB
2026/08/23 03:44:17.304, 15 %, 4 %, 4784 MiB
2026/08/23 03:44:27.307, 12 %, 4 %, 4784 MiB
2026/08/23 03:44:37.309, 13 %, 4 %, 4784 MiB
2026/08/23 03:44:47.311, 0 %, 0 %, 4784 MiB
2026/08/23 03:44:57.314, 19 %, 6 %, 4784 MiB
2026/08/23 03:45:07.317, 0 %, 0 %, 4784 MiB
2026/08/23 03:45:17.325, 15 %, 4 %, 4784 MiB
2026/08/23 03:45:27.330, 20 %, 7 %, 4784 MiB
2026/08/23 03:45:37.333, 0 %, 0 %, 4784 MiB
2026/08/23 03:45:47.336, 0 %, 0 %, 4784 MiB
2026/08/23 03:45:57.337, 18 %, 6 %, 4784 MiB
2026/08/23 03:46:07.345, 0 %, 0 %, 4784 MiB
2026/08/23 03:46:17.346, 18 %, 6 %, 4784 MiB
2026/08/23 03:46:27.349, 21 %, 6 %, 4784 MiB
2026/08/23 03:46:37.350, 0 %, 0 %, 4784 MiB
2026/08/23 03:46:47.356, 12 %, 4 %, 4784 MiB
2026/08/23 03:46:57.356, 12 %, 4 %, 4784 MiB
2026/08/23 03:47:07.357, 0 %, 0 %, 4784 MiB
2026/08/23 03:47:17.359, 0 %, 0 %, 4784 MiB
2026/08/23 03:47:27.361, 0 %, 0 %, 4784 MiB
2026/08/23 03:47:37.369, 0 %, 0 %, 4784 MiB
2026/08/23 03:47:47.370, 0 %, 0 %, 4784 MiB
2026/08/23 03:47:57.372, 0 %, 0 %, 4784 MiB
2026/08/23 03:48:07.376, 0 %, 0 %, 4784 MiB
2026/08/23 03:48:17.377, 0 %, 0 %, 4784 MiB
2026/08/23 03:48:27.379, 0 %, 0 %, 4784 MiB
2026/08/23 03:48:37.380, 0 %, 0 %, 4784 MiB
2026/08/23 03:48:47.381, 20 %, 6 %, 4784 MiB
2026/08/23 03:48:57.383, 0 %, 0 %, 4784 MiB
2026/08/23 03:49:07.387, 20 %, 6 %, 4784 MiB
2026/08/23 03:49:17.389, 20 %, 7 %, 4784 MiB
2026/08/23 03:49:27.389, 0 %, 0 %, 4784 MiB
2026/08/23 03:49:37.392, 0 %, 0 %, 4784 MiB
2026/08/23 03:49:47.392, 20 %, 7 %, 4784 MiB
2026/08/23 03:49:57.394, 0 %, 0 %, 4784 MiB
2026/08/23 03:50:07.395, 0 %, 0 %, 4784 MiB
2026/08/23 03:50:17.397, 22 %, 7 %, 4784 MiB
2026/08/23 03:50:27.398, 0 %, 0 %, 4784 MiB
2026/08/23 03:50:37.401, 0 %, 0 %, 4784 MiB
2026/08/23 03:50:47.403, 14 %, 4 %, 4784 MiB
2026/08/23 03:50:57.411, 13 %, 4 %, 4784 MiB
2026/08/23 03:51:07.412, 0 %, 0 %, 4784 MiB
2026/08/23 03:51:17.413, 0 %, 0 %, 4784 MiB
2026/08/23 03:51:27.414, 19 %, 6 %, 4784 MiB
2026/08/23 03:51:37.417, 0 %, 0 %, 4784 MiB
2026/08/23 03:51:47.420, 14 %, 4 %, 4784 MiB
2026/08/23 03:51:57.421, 23 %, 7 %, 4784 MiB
2026/08/23 03:52:07.422, 0 %, 0 %, 4784 MiB
2026/08/23 03:52:17.424, 0 %, 0 %, 4784 MiB
2026/08/23 03:52:27.427, 19 %, 6 %, 4784 MiB
2026/08/23 03:52:37.429, 20 %, 6 %, 4784 MiB
2026/08/23 03:52:47.429, 0 %, 0 %, 4784 MiB
2026/08/23 03:52:57.430, 21 %, 6 %, 4784 MiB
2026/08/23 03:53:07.432, 23 %, 7 %, 4784 MiB
2026/08/23 03:53:17.435, 0 %, 0 %, 4784 MiB
2026/08/23 03:53:27.437, 13 %, 4 %, 4784 MiB
2026/08/23 03:53:37.438, 15 %, 4 %, 4784 MiB
2026/08/23 03:53:47.443, 0 %, 0 %, 4784 MiB
2026/08/23 03:53:57.445, 0 %, 0 %, 4784 MiB
2026/08/23 03:54:07.448, 0 %, 0 %, 4784 MiB
2026/08/23 03:54:17.450, 0 %, 0 %, 4784 MiB
2026/08/23 03:54:27.451, 0 %, 0 %, 4784 MiB
2026/08/23 03:54:37.453, 0 %, 0 %, 4784 MiB
2026/08/23 03:54:47.453, 0 %, 0 %, 4784 MiB
2026/08/23 03:54:57.457, 0 %, 0 %, 4784 MiB
2026/08/23 03:55:07.459, 0 %, 0 %, 4784 MiB
2026/08/23 03:55:17.460, 0 %, 0 %, 4784 MiB
2026/08/23 03:55:27.461, 0 %, 0 %, 4784 MiB
2026/08/23 03:55:37.461, 0 %, 0 %, 4784 MiB
2026/08/23 03:55:47.465, 18 %, 6 %, 4784 MiB
2026/08/23 03:55:57.467, 13 %, 4 %, 4784 MiB
2026/08/23 03:56:07.470, 0 %, 0 %, 4784 MiB
2026/08/23 03:56:17.470, 15 %, 4 %, 4784 MiB
2026/08/23 03:56:27.471, 20 %, 7 %, 4784 MiB
2026/08/23 03:56:37.472, 0 %, 0 %, 4784 MiB
2026/08/23 03:56:47.473, 0 %, 0 %, 4784 MiB
2026/08/23 03:56:57.474, 19 %, 6 %, 4784 MiB
2026/08/23 03:57:07.475, 22 %, 7 %, 4784 MiB
2026/08/23 03:57:17.476, 0 %, 0 %, 4784 MiB
2026/08/23 03:57:27.479, 0 %, 0 %, 4784 MiB
2026/08/23 03:57:37.480, 19 %, 6 %, 4784 MiB
2026/08/23 03:57:47.483, 0 %, 0 %, 4784 MiB
2026/08/23 03:57:57.483, 0 %, 0 %, 4784 MiB
2026/08/23 03:58:07.486, 14 %, 4 %, 4784 MiB
2026/08/23 03:58:17.488, 13 %, 4 %, 4784 MiB
2026/08/23 03:58:27.488, 0 %, 0 %, 4784 MiB
2026/08/23 03:58:37.489, 0 %, 0 %, 4784 MiB
2026/08/23 03:58:47.501, 0 %, 0 %, 4784 MiB
2026/08/23 03:58:57.505, 20 %, 6 %, 4784 MiB
2026/08/23 03:59:07.509, 0 %, 0 %, 4784 MiB
2026/08/23 03:59:17.513, 0 %, 0 %, 4784 MiB
2026/08/23 03:59:27.514, 20 %, 6 %, 4784 MiB
2026/08/23 03:59:37.515, 22 %, 7 %, 4784 MiB
2026/08/23 03:59:47.515, 0 %, 0 %, 4784 MiB
2026/08/23 03:59:57.521, 0 %, 0 %, 4784 MiB
2026/08/23 04:00:07.524, 22 %, 7 %, 4784 MiB
2026/08/23 04:00:17.525, 19 %, 6 %, 4784 MiB
2026/08/23 04:00:27.527, 0 %, 0 %, 4784 MiB
2026/08/23 04:00:37.533, 0 %, 0 %, 4784 MiB
2026/08/23 04:00:47.534, 20 %, 6 %, 4784 MiB
2026/08/23 04:00:57.535, 0 %, 0 %, 4784 MiB
2026/08/23 04:01:07.538, 0 %, 0 %, 4784 MiB
2026/08/23 04:01:17.541, 13 %, 4 %, 4784 MiB
2026/08/23 04:01:27.543, 14 %, 4 %, 4784 MiB
2026/08/23 04:01:37.546, 13 %, 4 %, 4784 MiB
2026/08/23 04:01:47.547, 0 %, 0 %, 4784 MiB
2026/08/23 04:01:57.551, 0 %, 0 %, 4784 MiB
2026/08/23 04:02:07.557, 0 %, 0 %, 4784 MiB
2026/08/23 04:02:17.558, 0 %, 0 %, 4784 MiB
2026/08/23 04:02:27.559, 0 %, 0 %, 4784 MiB
2026/08/23 04:02:37.562, 0 %, 0 %, 4784 MiB
2026/08/23 04:02:47.564, 9 %, 2 %, 4784 MiB
2026/08/23 04:02:57.566, 0 %, 0 %, 4784 MiB
2026/08/23 04:03:07.567, 0 %, 0 %, 4784 MiB
2026/08/23 04:03:17.570, 5 %, 1 %, 4784 MiB
2026/08/23 04:03:27.570, 0 %, 0 %, 4784 MiB
2026/08/23 04:03:37.573, 0 %, 0 %, 4784 MiB
2026/08/23 04:03:47.573, 0 %, 0 %, 4784 MiB
2026/08/23 04:03:57.574, 19 %, 6 %, 4784 MiB
2026/08/23 04:04:07.578, 13 %, 4 %, 4784 MiB
2026/08/23 04:04:17.582, 20 %, 6 %, 4784 MiB
2026/08/23 04:04:27.585, 0 %, 0 %, 4784 MiB
2026/08/23 04:04:37.590, 22 %, 7 %, 4784 MiB
2026/08/23 04:04:47.592, 0 %, 0 %, 4784 MiB
2026/08/23 04:04:57.595, 22 %, 7 %, 4784 MiB
2026/08/23 04:05:07.601, 0 %, 0 %, 4784 MiB
2026/08/23 04:05:17.602, 13 %, 4 %, 4784 MiB
2026/08/23 04:05:27.609, 18 %, 6 %, 4784 MiB
2026/08/23 04:05:37.611, 12 %, 4 %, 4784 MiB
2026/08/23 04:05:47.612, 22 %, 7 %, 4784 MiB
2026/08/23 04:05:57.616, 17 %, 6 %, 4784 MiB
